{"CarGoal1": {"ppo_lagrangian": [[2.2403248517911356, 4.404137881542198], [16.920544855208888, 26.012788378124448], [0.019463095176778418, 0.02970795057485548]], "trpo_lagrangian": [[5.403654762864566, 7.6622351038021], [19.6845593710702, 25.35988496226313], [0.02691909427582655, 0.027276601335751317]], "cpo": [[18.496361103796332, 22.692506562870335], [45.644523037724746, 53.64436462894191], [0.04583478547813299, 0.049976381655386974]], "ppo": [[9.243051734949452, 16.83413719838388], [62.09980538720644, 69.46686227946023], [0.03960391297476711, 0.06413530271150732]]}, "DoggoGoal1": {"ppo_lagrangian": [[-1.1807927119772994, -0.7563952113560338], [40.93033503625817, 43.252998297075166], [0.03808955345034502, 0.04692879388859045]], "trpo_lagrangian": [[-1.723896099082597, -1.0081235875840693], [32.09002565978201, 44.38775334021799], [0.033107525513637555, 0.04199934189999451]], "cpo": [[-1.0110635690617702, -0.5599559376048966], [56.99655220904913, 68.00900279095087], [0.040666210786844965, 0.05189689378831836]], "ppo": [[0.9131352152486978, 1.2598390947513025], [77.28613365032344, 89.36942168300992], [0.054968661555447565, 0.06533883611028526]]}, "PointGoal2": {"ppo_lagrangian": [[0.7825038215187086, 1.8825387984812914], [56.43715236462842, 65.15173563537158], [0.05621991456603341, 0.07389819934619805]], "trpo_lagrangian": [[1.0665275681335633, 2.4511740785331035], [26.089840479833306, 45.243493186833355], [0.04933816652195235, 0.06389457857608677]], "cpo": [[4.228259342957986, 4.784237357042016], [45.5181000740141, 52.5041229259859], [0.0661701968254671, 0.07409705807649355]], "ppo": [[14.332792619697738, 15.162743880302262], [195.73218053912933, 218.19004279420398], [0.16644272398251114, 0.20605495108751676]]}, "PointPush1": {"ppo_lagrangian": [[0.09415208233482053, 0.47584246766517946], [12.637496911509508, 21.72917022182382], [0.01233415594464329, 0.015095068033505077]], "trpo_lagrangian": [[0.9884807096413303, 1.215850303692003], [16.47969989692081, 18.798078103079195], [0.016189624806093882, 0.018530831734731284]], "cpo": [[1.5827487157720097, 3.378934397561324], [36.22246499611115, 36.66642333722218], [0.03593399599218382, 0.039798113070346586]], "ppo": [[1.0527847970835418, 2.036109402916458], [55.92901930901896, 67.71542335764768], [0.05485278814796863, 0.05544446333969103]]}, "PointButton1": {"ppo_lagrangian": [[0.4685890060038589, 1.712280547329474], [15.528440963822124, 24.371559369511207], [0.029564418767384325, 0.03208821024441931]], "trpo_lagrangian": [[0.7884878002971141, 2.097067849702886], [12.589599494492429, 18.865955972174238], [0.026219174101007332, 0.030514164109898836]], "cpo": [[8.720716486879105, 10.581632546454227], [59.670445495688284, 66.87399817097838], [0.060686564753346314, 0.06518856450233594]], "ppo": [[17.26563810321966, 20.16440589678034], [131.88682722931017, 141.3020661040231], [0.12214637644140602, 0.1323231631157103]]}, "PointGoal1": {"ppo_lagrangian": [[3.035989561853688, 5.350507981479646], [19.060407830494253, 29.11736950283907], [0.028785554528858368, 0.0310608973852405]], "trpo_lagrangian": [[8.518809251560704, 9.316878048439296], [21.38897134426921, 29.05547265573079], [0.026760312354749856, 0.030992124620039974]], "cpo": [[14.234132092132237, 17.151803407867764], [36.99184054924276, 44.1192701174239], [0.04075694272181455, 0.04469878090096777]], "ppo": [[16.096305712594503, 18.855765787405492], [71.36553184531469, 81.51224682135198], [0.06268179045682792, 0.08004645417435777]]}}