{"CarGoal1": {"ppo_lagrangian": [[19.056204678935345, 19.924386654397992], [24.639578505111068, 26.093755161555606], [0.024037980922964813, 0.024363100881731378]], "trpo_lagrangian": [[17.83978617135063, 21.1673061619827], [23.626645000976104, 33.2066879990239], [0.025197386611335294, 0.025836990134888802]], "cpo": [[25.90372222413784, 31.17749610919549], [49.89193625673766, 54.274730743262346], [0.04623943734230637, 0.0512491368744806]], "ppo": [[25.130951393601443, 30.426291606398557], [55.92505767090353, 64.63049932909648], [0.05294624842915485, 0.059694643466757014]]}, "DoggoGoal1": {"ppo_lagrangian": [[-0.44762063391968265, -0.033708654080317285], [25.597783064257868, 40.49666193574214], [0.023630182535210507, 0.035883859903345895]], "trpo_lagrangian": [[0.8608930343788006, 1.3795854056211994], [23.077293011488294, 25.856040321845043], [0.025343291568791178, 0.025908176371872815]], "cpo": [[21.447631158176428, 23.771479508490238], [74.16460303305611, 81.44095163361057], [0.0825439567613924, 0.0865237591182999]], "ppo": [[48.06418500151603, 53.29781499848398], [72.21074498589724, 76.31148068076945], [0.07542331911559415, 0.07829564053232903]]}, "PointGoal2": {"ppo_lagrangian": [[0.24385559549087898, 1.0504921660757875], [21.749716378018647, 38.82806128864802], [0.03245289855371883, 0.04553158070465593]], "trpo_lagrangian": [[4.228714314375841, 5.019812252290826], [24.265657474375047, 28.65656452562495], [0.025388173638269444, 0.026262576810974887]], "cpo": [[12.605912224821768, 13.84308460851156], [49.87794328209456, 53.14427905123877], [0.055222315484891246, 0.058907774946905925]], "ppo": [[20.902266291255703, 23.11221104207763], [186.0127278413701, 194.99837882529656], [0.1951495911516953, 0.21117175147607295]]}, "PointPush1": {"ppo_lagrangian": [[2.2607018520298876, 2.5920896813034453], [23.068531749348097, 35.4870242506519], [0.022714966042140457, 0.023374012092620713]], "trpo_lagrangian": [[3.2972482601150492, 4.311951373218284], [22.122838861851143, 27.354939138148858], [0.023690339118100402, 0.024518840141480362]], "cpo": [[2.229980524421688, 4.680291925578311], [36.074261425878404, 47.82573890745492], [0.03641101796621706, 0.03928815560494437]], "ppo": [[2.061083939678358, 3.7422191936549756], [45.78137111458049, 54.12973855208619], [0.04849181422700873, 0.05193936182856481]]}, "PointButton1": {"ppo_lagrangian": [[3.3065097444157896, 5.885557988917544], [20.450583501050133, 29.99386049894987], [0.025022002263174838, 0.02555954916777406]], "trpo_lagrangian": [[3.651749160706564, 5.940290805960102], [19.742910602137634, 25.91264506452903], [0.025165720871280876, 0.02540881852755565]], "cpo": [[15.868060070503072, 18.977219596163593], [68.64656028307218, 74.10899738359447], [0.06426957992811817, 0.07080782146926305]], "ppo": [[24.773435645608373, 28.497015021058296], [131.48186112343652, 148.30702554323014], [0.13341821557709466, 0.14369459934626239]]}, "PointGoal1": {"ppo_lagrangian": [[18.92849225206147, 20.075384414605193], [28.950321246985325, 30.72745675301467], [0.02383679307674604, 0.024708434178621657]], "trpo_lagrangian": [[18.573212948625752, 19.740639384707585], [20.508659599894873, 22.046896733438462], [0.02507943959832748, 0.02544682793426528]], "cpo": [[23.93753077209336, 25.33261756123997], [39.13135092470219, 41.85753840863114], [0.039717224344888516, 0.041279002504450685]], "ppo": [[24.257786369927743, 25.617957296738922], [55.277620784682156, 59.30015821531785], [0.05874705467548623, 0.0646397042722164]]}}