{"CarGoal1": {"ppo_lagrangian": [3.3222313666666667, 21.466666616666668, 0.02458552287581695], "trpo_lagrangian": [6.532944933333333, 22.522222166666666, 0.027097847805788933], "cpo": [20.594433833333333, 49.64444383333333, 0.04790558356675998], "ppo": [13.038594466666666, 65.78333383333333, 0.05186960784313722]}, "DoggoGoal1": {"ppo_lagrangian": [-0.9685939616666666, 42.09166666666667, 0.042509173669467736], "trpo_lagrangian": [-1.3660098433333332, 38.2388895, 0.03755343370681603], "cpo": [-0.7855097533333334, 62.5027775, 0.04628155228758166], "ppo": [1.0864871550000001, 83.32777766666668, 0.060153748832866415]}, "PointGoal2": {"ppo_lagrangian": [1.33252131, 60.794444, 0.06505905695611573], "trpo_lagrangian": [1.7588508233333335, 35.66666683333333, 0.05661637254901956], "cpo": [4.506248350000001, 49.0111115, 0.07013362745098033], "ppo": [14.74776825, 206.96111166666665, 0.18624883753501395]}, "PointPush1": {"ppo_lagrangian": [0.284997275, 17.183333566666665, 0.013714611989074183], "trpo_lagrangian": [1.1021655066666667, 17.638889000000002, 0.017360228270412583], "cpo": [2.480841556666667, 36.44444416666666, 0.0378660545312652], "ppo": [1.5444471, 61.822221333333324, 0.05514862574382983]}, "PointButton1": {"ppo_lagrangian": [1.0904347766666664, 19.950000166666666, 0.030826314505901817], "trpo_lagrangian": [1.442777825, 15.727777733333333, 0.028366669105453084], "cpo": [9.651174516666666, 63.27222183333333, 0.06293756462784113], "ppo": [18.715022, 136.59444666666664, 0.12723476977855816]}, "PointGoal1": {"ppo_lagrangian": [4.193248771666667, 24.088888666666662, 0.029923225957049434], "trpo_lagrangian": [8.91784365, 25.222222, 0.028876218487394915], "cpo": [15.69296775, 40.55555533333333, 0.04272786181139116], "ppo": [17.476035749999998, 76.43888933333334, 0.07136412231559285]}}