{"CarGoal1": {"ppo_lagrangian": [19.49029566666667, 25.366666833333337, 0.024200540902348095], "trpo_lagrangian": [19.503546166666666, 28.4166665, 0.025517188373112048], "cpo": [28.540609166666666, 52.0833335, 0.048744287108393486], "ppo": [27.7786215, 60.277778500000004, 0.05632044594795593]}, "DoggoGoal1": {"ppo_lagrangian": [-0.24066464399999998, 33.047222500000004, 0.0297570212192782], "trpo_lagrangian": [1.12023922, 24.46666666666667, 0.025625733970331997], "cpo": [22.609555333333333, 77.80277733333334, 0.08453385793984615], "ppo": [50.681000000000004, 74.26111283333334, 0.07685947982396159]}, "PointGoal2": {"ppo_lagrangian": [0.6471738807833333, 30.288888833333335, 0.03899223962918738], "trpo_lagrangian": [4.624263283333334, 26.461111, 0.025825375224622166], "cpo": [13.224498416666664, 51.511111166666666, 0.057065045215898585], "ppo": [22.007238666666666, 190.50555333333332, 0.20316067131388413]}, "PointPush1": {"ppo_lagrangian": [2.4263957666666665, 29.277777999999998, 0.023044489067380585], "trpo_lagrangian": [3.804599816666667, 24.738889, 0.024104589629790382], "cpo": [3.455136225, 41.95000016666666, 0.037849586785580716], "ppo": [2.9016515666666667, 49.95555483333334, 0.05021558802778677]}, "PointButton1": {"ppo_lagrangian": [4.596033866666667, 25.222222000000002, 0.02529077571547445], "trpo_lagrangian": [4.796019983333333, 22.827777833333332, 0.025287269699418264], "cpo": [17.42263983333333, 71.37777883333332, 0.06753870069869061], "ppo": [26.635225333333334, 139.89444333333333, 0.13855640746167852]}, "PointGoal1": {"ppo_lagrangian": [19.50193833333333, 29.838888999999998, 0.024272613627683848], "trpo_lagrangian": [19.15692616666667, 21.277778166666668, 0.02526313376629638], "cpo": [24.635074166666666, 40.494444666666666, 0.0404981134246696], "ppo": [24.937871833333332, 57.2888895, 0.06169337947385131]}}