{"CarGoal1": {"CEM-MPC": [[1.1394168376922607, 3.6330759048461916], [4.3599998474121096, 100.34000091552733], [0.0439588, 0.0517558]]}, "PointPush1": {"CEM-MPC": [[-0.02019386291503905, 0.7851040840148925], [0.9799999713897706, 9.019999980926514], [0.025986400000000003, 0.0310065]]}, "DoggoGoal1": {"CEM-MPC": [[1.3212502002716064, 3.2367909908294674], [31.639999389648438, 168.37999572753904], [0.0780667, 0.0962722]]}, "PointGoal2": {"CEM-MPC": [[0.39390954971313474, 1.8191172122955321], [3.4600000381469727, 138.89999999999998], [0.053191600000000006, 0.0650068]]}, "PointButton1": {"CEM-MPC": [[0.49691705703735356, 3.0917976379394534], [51.1, 99.48000183105468], [0.048767500000000005, 0.056525]]}, "PointGoal1": {"CEM-MPC": [[0.8892065525054933, 4.796580600738525], [5.639999866485596, 127.39999999999998], [0.0409886, 0.059931]]}}