{"CarGoal1": {"CEM-MPC": [2.964020252227783, 32.5, 0.044815]}, "PointPush1": {"CEM-MPC": [0.5774546265602112, 4.099999904632568, 0.029434]}, "DoggoGoal1": {"CEM-MPC": [2.5547332763671875, 41.29999923706055, 0.0895585]}, "PointGoal2": {"CEM-MPC": [0.7826679348945618, 68.4000015258789, 0.059611]}, "PointButton1": {"CEM-MPC": [1.7304091453552246, 77.30000305175781, 0.0532995]}, "PointGoal1": {"CEM-MPC": [3.6460258960723877, 23.799999237060547, 0.053525]}}