{"CarGoal1": {"LAMBDA": [2.588369369506834, 8.670000648498533, 0.0021768999999999955], "": [1.2468295335769655, 47.99000053405761, 0.003898499999999999]}, "PointPush1": {"LAMBDA": [1.2320486769080161, 12.650000047683715, 0.008022950000000001], "": [0.40264897346496575, 4.020000004768372, 0.002510049999999998]}, "DoggoGoal1": {"LAMBDA": [6.611009788513182, 9.829999923706055, 0.008450849999999996], "": [0.9577703952789305, 68.3699981689453, 0.00910275]}, "PointGoal2": {"LAMBDA": [1.8513070106506344, 8.650000166893005, 0.002369000000000003], "": [0.7126038312911986, 67.7199999809265, 0.005907599999999999]}, "PointButton1": {"LAMBDA": [3.0511828422546383, 11.860000610351562, 0.0021204999999999974], "": [1.2974402904510498, 24.19000091552734, 0.003878749999999997]}, "PointGoal1": {"LAMBDA": [0.7232381820678704, 12.259999656677245, 0.0026552999999999976], "": [1.9536870241165158, 60.88000006675719, 0.009471199999999999]}}