{"CarGoal1": {"LAMBDA": [16.745439529418945, 23.100000381469727, 0.036516]}, "PointPush1": {"LAMBDA": [0.31389501690864563, 21.399999618530273, 0.017053]}, "DoggoGoal1": {"LAMBDA": [5.8673577308654785, 11.399999618530273, 0.046307]}, "PointGoal2": {"LAMBDA": [13.299453735351562, 9.100000381469727, 0.042689]}, "PointButton1": {"LAMBDA": [5.3724045753479, 21.700000762939453, 0.038409]}, "PointGoal1": {"LAMBDA": [18.822782516479492, 11.199999809265137, 0.034454]}}